text,size
__qries,1
a_moriarty,1
aadhaar,1
aajtak,1
aapiusa,2
aaseuysjda,1
abandon,2
abandoned,3
abatement,1
abatements,2
abdelmesseh,1
abil,1
ability,2
able,3
abolish,16
abolishment,1
abolition,1
abortion,1
abroad,4
absconders,1
absolutely,2
abt,5
abuse,50
abused,3
abuser,1
abusers,1
abuses,2
abusing,6
abusive,1
academic,1
acc,2
accenture,2
accept,2
acceptable,1
accepted,2
accepting,3
accomplishment,1
accomplishments,1
according,3
account,1
accountants,1
accounts,4
accts,1
accusations,1
accused,3
ach_vishnu,1
achieve,1
achieved,4
achievements,2
aclu,1
acquired,1
across,6
act,14
actbrigitte,1
acting,1
action,8
activism,1
activist,1
activity,3
actually,6
acute,1
ad,2
adair,1
adambarrett,1
add,5
added,2
adding,1
addition,2
additional,3
additionally,1
address,2
addressed,2
addresses,3
adept,1
adequate,1
admin,1
administration,16
administrations,1
administrative,1
administrativeprocessing,1
administrator,1
admire,1
admits,1
admitted,1
adobe,1
adobeforms,1
adolf,1
adpet,1
ads,2
adult,1
advanced,5
advantage,2
advocate,1
advocates,1
aem,1
aemforms,1
aeroflot,2
affect,2
affected,2
affection,1
affects,1
affirmative,1
afford,2
affordable,1
afghanistan,1
aflcio,1
afpillinois,1
afraid,3
africa,1
african,6
africans,3
aft,1
afternoon,1
aftr,1
age,14
aged,5
agency,6
agenda,2
agent,1
agents,1
agiloft,1
ago,3
agree,5
agreed,3
agst,1
ah,1
ahead,3
ai,3
aide,1
aids,2
aim,1
ain,1
air,5
airbus,1
aircraft,2
airnewsalerts,1
airport,2
ait,1
ajo,1
akamai,1
alarming,1
alarmingly,1
alcanza,1
alejandro,3
alert,1
alexandria,1
algorithmiq,13
alien,1
aliens,3
alight,1
alinsky,1
alleged,2
allegedly,1
alleges,1
alliance,1
allow,3
allowed,5
allows,5
allstate,1
almost,3
alone,3
along,4
already,7
alta,1
alternatives,3
although,1
altogether,3
always,7
amaxon,1
amazing,1
amazon,17
amazons,2
amazonsalaries,1
ambazaarmag,1
amended,7
amendment,1
amer,2
america,54
america_desi,15
americafirs,1
americafirst,54
american,140
americandream,1
americans,73
americansfirst,1
americanstem,16
americansthey,1
americanworker,1
americanworkers,4
amermedicalassn,1
amex,1
amid,1
amidst,3
amnesty,2
among,12
amounts,1
amplified,1
amplifysystems,12
amrikibabu,4
amritsar,1
amusement,1
analysis,1
analyst,1
analytics,1
ananavarro,3
anarchists,1
anchor,1
anchorbabies,2
anderson,1
andhrapradesh,1
angeles,1
anger,1
angt_usa,1
anhlbuhejr,1
ani,2
anildash,1
anirb_das,9
ann,1
anncoulter,14
anne,1
announce,1
announced,8
announces,3
annual,1
another,21
answer,1
answers,2
anti,12
antiimmigrant,1
antisocial,1
antitrust,1
anybody,1
anymore,1
anyone,7
anything,4
anywhere,1
aovwopbrbh,1
apartment,1
apartments,1
aplica,1
apologies,1
apologizes,1
app,1
apparently,1
appeal,1
appearances,1
appears,1
apple,4
applicant,1
applicants,8
application,25
applications,21
applied,2
apply,9
applying,9
appreciate,1
approval,5
approvals,5
approved,7
approx,1
approximate,2
approximately,1
apr,3
april,13
apt,3
aptitudes,1
arabia,3
arappeport,1
arbitrary,1
architect,1
area,8
areas,5
aren,10
argument,3
arguments,2
arlington,1
armed,1
armories,1
arms,3
army,2
around,9
arranged,1
arrest,2
arrested,4
arrests,1
arrogance,1
arrogant,4
art,1
article,8
articles,1
artifact,1
artificially,1
arts,1
arusbridger,1
arvindkejriwal,1
asap,1
asexual,1
ashame,1
ashes,1
asian,2
asians,1
ask,18
asked,2
asking,4
asks,1
aspect,1
ass,4
assaults,1
assembly,1
assessed,1
asset,1
assimilation,1
assistant,1
associate,1
association,1
assumed,1
assured,1
aswoman,1
asylee,1
athletes,1
attach,1
attack,2
attacked,1
attacking,3
attacks,3
attatched,1
attempt,2
attempted,1
attempts,1
attention,1
attorney,1
attorneykgarcia,1
attorneys,4
attract,5
attractive,5
au,1
audit,1
aurini,1
aus,1
austin,2
australia,6
australian,1
austria,1
auth,7
authority,2
authorization,3
auto,2
automate,1
automated,1
automation,2
available,7
avenues,1
average,7
averagers,1
avg,1
avoid,3
avoiding,1
avzaasvyck,1
aware,4
away,14
awesome,2
axiom,1
ayaan,1
az,1
azraelfallen,1
babakdarvish,2
babes,1
babulsupriyo,1
baby,2
bachelor,2
bachelors,2
back,22
backbone,4
background,6
backlog,5
backlogs,2
backstabber,1
backwardness,1
bad,7
bag,1
bags,1
baha,2
bahamas,1
baharu,1
bail,1
bailed,1
bailout,1
bait,1
bakersfield,1
balance,1
baldingsworld,1
baltimore,2
ban,3
banded,1
bandh,1
bangalore,2
bank,2
bankofamerica,2
banks,3
banned,16
banwitcha,5
bar,1
barackobama,3
barely,1
bargain,1
bargaining,2
barkmartin,2
barons,2
barred,2
barron,1
bas,1
base,4
based,14
basekaursaal,1
basic,1
basicincome,1
basis,3
basov,1
bastards,2
bat,1
battle,2
bay,2
bayareafreepres,1
bbc,1
bc,3
bcarpano,1
bclkuwbmlv,1
bcoz,3
bcz,4
bear,1
beat,1
beaten,1
beats,1
became,4
become,7
becomes,2
becoming,2
beeb,1
began,1
beggar,1
begging,2
begin,8
beginning,3
begins,14
behalf,2
behind,6
beliefs,2
believe,6
believes,3
belonging,2
belt,1
beneficial,1
beneficiary,3
benefit,3
benefiting,1
benefits,7
bengal,1
bernie,1
besides,1
best,12
bet,1
betoorourke,1
betray,1
betsydevos,1
better,12
beware,2
beyond,4
bezos,1
bgcqiyfans,1
bharat,1
bharatiya,1
biased,1
big,9
bigfoot,1
bigger,1
biggest,20
bigot,1
bigtech,2
bikini,1
bilingual,1
bill,14
billion,16
billionaire,1
billionaires,2
billmaher,2
birth,1
birthright,2
biz,1
bkvwcgquvv,1
bkzmjvwdfq,1
black,3
blacks,1
blagnac,1
blame,1
blaming,4
blatant,1
blekinge,1
blind,3
blindly,1
block,1
blocked,1
blocking,1
blog,3
blogged,1
blood,1
bloomberg,1
blue,1
blueprint,1
blueskyphotos,1
blunt,1
board,4
bob,1
body,6
bodyshops,1
boeing,1
bofa_careers,1
bofa_help,1
bofa_news,1
bofa_tips,1
bonnefil,1
booking,1
books,2
boomer,1
boomers,2
boost,1
boosting,1
bootstrapped,1
border,6
born,4
borrow,1
bospoli,1
boston,1
bostonglobe,1
bostonherald,2
bot,1
bother,2
bothers,1
bottom,1
boy,3
bpxbzxrkhw,1
brad,1
brady,1
bragged,1
brahmin,3
brahminical,1
brain,3
braindrain,1
brat,1
breakdown,1
breaking,2
breakingnews,2
breaks,2
breathe,1
breitbartnews,1
brexit,1
bribe,1
bribed,3
bribery,2
bribing,1
bride,1
brides,1
brief,4
brietbartnews,1
bright,3
brighteset,1
brightest,2
brilliant,3
bring,6
bringing,5
brings,16
britain,3
brithume,2
british,1
brits,2
broaden,1
broken,2
bros,1
brought,3
brown,1
brutally,1
brynnespeak,4
bs,6
btktzgghvm,1
bty,1
bubble,1
buckingham,1
bucks,1
buddies,1
buenviernes,1
buffalo,1
buffet,2
build,1
buildgothercntrysinfrastrctr,1
buildthewall,1
built,3
bulb,1
bulk,1
bull,1
bulletins,1
bullets,1
bullying,1
bunch,1
bureaucracy,1
bus,1
bush,2
business,15
businesses,2
businessimmigration,1
bust,1
busy,3
buy,3
buyamerican,5
buyamericanhireamerica,2
buyamericanhireamerican,21
buying,1
bv,1
byniknat,1
bypassing,1
ca,3
cab,2
cable,1
cafe,1
calculate,1
calculations,1
calif,1
california,4
call,16
called,11
calloused,1
calls,3
came,4
cameron_kasky,1
campaign,2
campaignpromises,1
campo,1
campuses,2
canada,5
canadian,1
cancel,5
canceled,1
cancelled,1
cancelling,1
cancer,3
candidate,4
candidates,12
candy,1
canned,1
cannibalism,1
cannot,8
cant,3
cantidad,1
cap,54
capital,4
capitalism,2
capitalistic,1
capitulating,1
caps,1
car,1
card,12
cards,8
care,17
cared,1
career,5
careers,4
carefull,1
carefully,1
caring,1
carnage,1
carnegie,1
carryover,1
carter,1
case,11
cases,8
cash,2
cassazione,1
caste,7
catch,1
catching,1
category,5
caucasian,1
caught,5
caused,1
cautious,1
cautiously,1
cauvery,1
cbse,1
celebrated,1
censored,1
cent,2
center,1
centers,1
central,4
centralized,1
century,1
ceo,9
ceos,3
ceremony,1
certain,4
certificates,1
certification,1
cesspool,1
cgihou,1
cgisfo,3
chain,1
chainmigration,2
chairman,1
challenge,1
challenges,1
challenging,1
chance,10
chances,12
change,8
changed,1
changes,11
changing,1
character,1
characteristics,1
charged,4
charges,8
charging,3
charlezpm,1
charter,2
chase,1
chatter,1
cheap,23
cheaper,2
cheaplabor,5
cheaplabors,2
cheat,2
cheated,1
cheaters,1
cheating,2
check,4
checked,2
checks,1
chefs,1
chengguan,1
chicago,3
chicks,1
child,5
childish,1
children,6
china,12
chinese,12
chinki,1
chips,1
chipzilla,1
choi,1
choked,1
choose,1
chose,1
chris,1
christ,1
christian,1
christianity,1
christians,1
chronicle,1
chuck,1
chuckgrassley,3
chughllp,1
church,2
churn,1
churning,1
cia,2
cil,3
ciodive,1
cios,1
circle,1
cites,1
citi,1
cities,9
citing,1
citizen,11
citizens,32
citizenship,22
city,8
civil,1
civilians,1
cjtaonhflf,1
ckpesjoxlj,1
cksywbkqsq,1
ckuck,2
claim,5
claiming,1
claims,4
clarifies,1
clarify,1
class,15
classic,1
classical,1
classing,1
classroom,1
classrooms,1
clcspirit,1
clean,1
cleans,1
clear,6
clearances,1
cleared,1
cleargcbacklog,3
clearly,1
clever,1
client,4
clients,4
climate,1
clinging,1
clinton,7
close,4
closed,1
closely,3
closer,1
closing,3
cloud,1
cloward,1
club,1
clubs,2
cmo,1
cnbc,1
cnn,4
coalition,1
coast,8
coca,1
cockroaches,1
code,1
coerced,4
cognizant,12
coin,1
coincide,1
col,1
cola,1
cold,2
coleg,1
coll,1
collapse,1
collar,1
collateral,1
colleagues,3
college,14
colors,1
com,10
combatting,1
combination,1
combined,1
come,23
comienza,3
coming,18
commences,1
comment,1
commentators,1
comments,3
commission,2
commit,1
committed,1
committee,1
commodities,1
common,6
commoners,1
commonly,2
communicate,1
communist,6
communists,1
communities,1
community,2
commute,1
comnive,1
comp,2
companies,69
company,28
compare,1
compared,2
comparison,2
compete,2
competing,1
competitive,1
competitors,2
complain,1
complete,4
completed,1
completely,1
completing,1
compliance,2
complicated,2
complicit,1
comprehend,1
computer,5
computers,3
con,2
concentrations,1
concern,1
concerned,1
concerns,1
conclusion,1
concurrent,1
condition,1
conditions,1
conduct,1
conducted,2
conducting,1
confidence,1
confident,1
confirming,1
conflict,3
confronted,1
confuse,1
congrats,1
congress,18
congressionally,3
congressman,1
congresswallofshame,1
connect,1
connected,1
connection,1
connections,1
connectmri,1
connivance,1
conroy,1
consecutive,1
consensus,1
consequences,1
conservative,1
consider,4
considers,2
conspiracy,1
constituent,2
consular,1
consulate,2
consultancy,1
consultant,1
consultants,2
consulting,4
consumer,2
cont,1
contempt,1
content,1
continuation,1
continue,9
continued,2
continues,3
continuing,1
continuous,5
contract,5
contractor,1
contracts,1
contrary,1
contributed,1
contribution,1
contributions,1
control,4
controlled,1
controllers,1
controls,3
controversial,4
controversy,1
conversation,1
convert,1
converted,1
convicted,1
convinced,1
convincingly,1
convo,1
cook,1
cookie,1
cookies,1
coolies,1
cooper,1
cooperating,1
cooperativa,1
cope,1
cops,1
copy,2
corintheansxiii,14
corner,1
corp,7
corporate,9
corporation,10
corporationamount,1
corporations,7
corps,5
correct,1
correlation,1
corrupt,6
corruption,6
corte,1
corybooker,2
cos,1
cosponsored,1
cost,7
costs,5
costura,1
cough,1
couldn,4
coulter,1
council,1
counseling,1
count,2
counted,1
counties,1
counting,1
countless,1
countries,17
country,46
couple,1
courage,1
course,2
court,8
courtesy,1
courtroom,1
cover,1
coverage,2
cowards,1
coz,10
cpryrstsgh,1
cpt,39
crack,1
cracking,5
cracks,1
crafted,1
crap,2
crash,1
create,7
created,4
creatghardregulatns,1
creatgvisas,1
creating,3
creative,2
creator,2
creators,1
creatures,1
credit,2
cremated,1
cricket,1
cries,1
crime,6
crimes,2
criminal,12
criminals,7
crippled,1
crisanta,1
crisantaduran,1
crisis,1
critical,1
critics,1
crony,1
cronycapitalism,2
crop,1
crosshairs,1
crossings,1
crucial,1
cruz,1
cry,1
crystal,1
ctanos,1
ctatech,1
ctr,1
ctu,1
ctzns,8
cultural,1
culture,2
curbing,1
cure,3
curious,1
currency,1
current,11
currently,5
curtain,1
custom,1
customs,1
cut,4
cutting,1
cyantechnologies,1
cyber,1
cyrusmehta,4
czech,1
d_jaishankar,1
da,10
dabloukmazin,4
daca,4
daily,4
dainikbhaskar,1
dal,1
dallas,4
damage,4
damageenough,1
damaging,1
damn,3
dank,3
dare,1
darling,1
das,1
dat,4
data,10
date,2
dated,1
dates,1
daughter,5
david_nachman,3
davidkirkpatric,2
davidkurten,1
davidyankovich,1
dawnnewyorker,17
day,19
days,16
dc,1
dcgov,2
ddt,1
deadline,2
deal,9
dean,1
dear,1
death,4
deaths,6
debit,1
debjani_ghosh_,1
debt,2
dec,1
decade,18
decades,7
deceiving,1
december,1
decent,1
decide,1
decided,1
decimated,2
decision,4
decisions,2
declared,3
declined,2
decpnouwsr,1
dedicated,1
deduct,1
deeds,1
deem,1
deep,1
defeat,1
defend,2
defendants,1
defending,5
defensa,1
deficit,3
define,2
defined,1
definition,2
deformation,1
defraud,1
defrauding,1
defund,3
degree,12
degrees,10
degs,1
delayed,2
deleted,1
delhi,4
delhiairport,1
delicious,1
deliver,2
delivering,1
deloitteus,1
dem,1
demand,7
demandfairness,1
demanding,2
demandingfairness,45
demands,8
demaningfairness,3
demeaning,1
democraps,1
democrat,1
democrats,2
demonetized,1
demonize,1
demonstrate,1
demonstrating,1
dems,3
denials,2
denied,5
deny,4
denying,1
departamento,1
department,5
departments,1
dependent,3
dependents,2
deplorables,1
deplores,1
deport,4
deportation,1
deportillegals,1
deposited,1
depot,1
depress,1
depression,4
deputy,1
derive,1
descended,1
description,1
deserted,1
deserve,3
deserving,1
design,2
designed,4
desiring,4
desperate,4
despite,5
dessertion,1
destroy,4
destroying,1
destruction,2
details,4
determines,2
deterred,1
deunionization,1
dev,1
develop,3
developed,1
developer,7
developers,2
developing,1
dewjpjctwi,1
dey,1
dfw,2
dhaba,2
dhs,18
dhsgo,1
dhsgov,75
di,1
diane,1
dibs,1
didn,10
die,3
died,4
diem,1
dif,3
diff,1
different,6
differentiates,2
differently,2
differs,1
difficult,4
difficulty,1
digital,1
dignity,2
dilapidated,1
dime,1
dineshdsouza,1
ding,1
dip,1
diplomacy,2
dire,1
direct,3
direction,1
directions,1
directly,5
director,1
dis,4
disagree,1
disappoint,1
disaster,1
disastrous,1
disbelief,1
discarding,2
discharged,1
disclose,1
disclosures,1
disconnect,5
discouraged,1
discovered,2
discoveries,1
discrimimate,1
discriminate,1
discriminates,1
discriminating,2
discrimination,11
discuss,7
discusses,2
discussing,1
discussion,4
disease,1
diseases,1
disgrace,1
disgraceful,1
disgusting,2
dismantle,1
disney,4
disneyaulani,1
displace,3
displaced,3
displacement,2
displaces,1
displacing,4
display,1
disproportionate,2
disputed,1
disputes,1
disregard,1
disrespectful,1
distinguidas,1
distributed,1
district,3
districts,2
disturbed,1
ditches,1
diversity,3
divided,1
divorce,3
dixie,1
dm,2
dna,1
dnt,1
doc,1
doctor,1
doctors,6
doctrine,1
documentary,1
documented,1
documents,6
dod,1
dodge,1
doesn,14
dohcqpohiq,1
dol,1
dollar,1
dollars,9
domestic,2
dominance,1
dominate,1
donald,3
donaldjtrump,1
donaldtrump,7
donation,1
donations,1
dondraperclone,1
done,12
donor,1
donors,3
dont,6
door,3
dosakalyan,1
dotnet,6
dots,1
double,2
doubt,1
douche,1
doug_rand,1
douglas,1
dovuyjpnsc,1
downfall,2
downtown,1
downturnone,1
downturns,1
downy,1
dowry,2
dr,2
draft,1
drain,1
dramatic,2
dramatically,3
draped,1
drawandstrike,1
drawn,2
dream,4
dreamers,2
dreams,5
drewbueno,11
drink,1
drinking,2
drive,3
driver,2
drivers,3
drives,2
driving,4
drjaneruby,1
drminh,1
drones,1
drop,4
dropped,1
drove,1
drudge_report,1
drug,3
drugging,1
drugs,1
dual,2
dubai,1
dubbing,1
ducatiry,8
due,11
dues,1
dug,1
dumb,1
dump,2
dumped,3
dumping,1
duplicate,2
duran,1
durham,1
dust,2
duties,1
dvbkcxkhgb,1
dying,2
dynamic,1
ead,15
eads,2
early,2
earn,4
earned,1
earning,2
earnings,2
earth,1
easier,2
easily,6
east,9
eastcoast,1
easter,3
eastern,2
easy,7
eat,2
eatcake,1
eating,1
eazlungmrm,1
eb,3
economic,3
economics,2
economictimes,2
economy,13
ed,3
edge,1
editorial,1
edu,1
educate,1
educated,3
education,9
educational,1
educators,2
edvfbgpnzi,1
eeoc,2
effect,6
effective,1
effectively,2
effects,1
effort,3
efforts,1
efnthoxapb,1
eforms,1
egotism,1
eight,2
either,1
el,2
elected,1
elections,1
electricity,1
eliminate,1
eliminating,1
elite,1
elpasotom,12
elsalvador,1
else,4
elsewhere,3
em,3
email,4
emails,2
emamanj,13
embarrassing,1
embassy,1
embrace,1
emerging,1
emilychangtv,1
emory,1
empathy,2
emphasise,1
empire,3
emplaw,1
employ,10
employed,4
employee,17
employees,26
employer,14
employers,47
employing,1
employment,17
employmentlaw,1
employs,1
empowerment,1
ems,1
enabled,1
encounter,3
encounters,1
encourage,2
encouraged,1
encouraging,1
end,34
endcountrycaps,1
ended,1
endemployementbasedgcbacklog,1
endgcbacklog,1
endggbacklog,2
endgreencardbacklog,2
ending,2
endless,2
endlottery,1
ends,1
enemy,1
energy,2
enforceeverify,2
enforcement,3
engaged,2
engages,1
engineer,3
engineering,1
engineers,3
english,4
enjoy,1
enlist,1
enola,1
enough,15
enrolled,2
ensure,1
enter,2
entering,2
enterprise,1
entire,1
entities,9
entitled,2
entitlement,1
entrepreneurial,1
entry,2
entrylevel,1
enuf,1
environment,2
envoy,1
envoyglobal,2
eo,7
eomn,1
eos,1
eotmhetbli,1
epjszvjlqo,1
equal,5
equalizer,1
equally,1
equivalent,2
er,2
era,6
ero,1
errors,3
ers,1
escamorim,1
escape,6
escapes,1
esmaelgonzales,4
esp,1
especializado,1
especially,3
essence,1
established,1
establishment,2
estate,3
etc,18
etcare,1
ethics,1
ethnicity,1
european,1
europeans,1
evaluation,1
eve,1
even,29
evening,1
event,1
events,2
eventually,2
ever,13
everglobe,1
every,17
everybody,1
everyone,4
everything,4
everywhere,3
evfaatsekd,1
evidence,4
evil,1
eviseration,1
evokes,1
evolved,1
ex,1
exactly,6
exaflop,1
exaggerated,1
examinations,1
examples,3
exceed,4
exceeded,1
excellent,1
except,5
exception,1
excessive,2
exchange,1
excreta,1
excuse,1
executive,3
exempt,1
exemption,2
exemptions,2
exhausted,1
exist,2
existed,1
existing,1
exists,3
exp,4
expanding,2
expands,1
exparte,1
expats,1
expect,6
expectancy,1
expectations,1
expected,5
expense,1
expenses,1
experience,9
experienced,2
expert,1
expertise,1
experts,1
expired,1
explain,1
explaining,1
explains,3
explicitly,1
exploiting,1
explore,2
export,1
exports,1
exposed,1
express,4
exprnce,1
extended,1
extending,1
extension,10
extensions,24
extensively,1
exterminate,1
extrapolate,1
extreme,1
extremely,3
extremevetting,1
eye,4
face,10
facebook,16
facebookdatabreach,1
facebookdataleaks,1
facebooksalries,1
faces,3
facilitating,1
facility,1
facing,3
fact,4
factor,1
factories,1
factory,4
facts,3
facttank,1
fail,2
failed,1
failure,1
failures,1
fair,6
faire,1
fairimmigration,2
fairly,3
fairness,1
faith,1
fake,15
faked,1
fakes,1
fall,2
falls,1
falsified,1
families,9
family,4
fan,2
far,9
farakan,1
fares,1
farm,2
farmed,1
fassmann,1
fast,1
fat,1
fate,1
father,1
fathers,3
fault,1
favor,3
favoritism,1
favour,2
fb,1
fbi,1
fdr,1
fear,2
feared,1
fears,1
feature,1
federal,11
federalreserve,1
fee,5
feed,1
feel,5
fees,3
feet,1
fellow,2
felt,2
female,3
feminine,1
ferarimone,1
fever,1
fiasco,2
fica,4
field,3
fields,4
fiends,1
fifth,1
fifty,1
fight,6
fighter,2
fighting,4
figure,3
figures,3
file,10
filed,12
filing,32
filings,11
filingseason,1
filipinos,1
fill,5
filled,4
filling,2
filmed,1
filthy,1
finalist,1
finalists,3
finalize,1
finally,3
finance,1
finances,1
financial,3
financialxpress,1
financing,1
find,27
finding,2
finds,4
fine,2
fined,1
fines,2
finger,1
fingercrossed,1
finish,1
finished,1
finishing,1
fir,4
fire,3
fired,4
firing,1
firings,2
firm,1
firmly,1
firms,13
first,20
firstpost,4
fisa,1
fiscal,10
fischer,1
fit,2
five,8
fix,5
fixuscis,2
fkvzwkwnrp,1
flag,1
flair,1
flash,1
flawed,1
fleecing,1
fleeing,1
flight,1
flint,1
floating,1
flocking,1
flooding,2
floods,2
floor,1
florida,1
floridaservicesandmore,1
flotus,2
flourish,1
flow,5
flvblmiowa,1
fly,3
flziaakcbv,1
fmln,2
focus,1
focused,1
foia,1
folks,2
follow,1
followed,1
following,3
food,4
footprint,1
foramazon,1
forbes,1
force,4
forced,5
forces,3
forcing,1
ford,2
foreign,51
foreignbornworkers,2
foreigner,1
foreigners,25
foreignish,2
foreignstudents,1
forever,1
forex,1
forget,2
forgive,1
forgot,1
forgotten,2
form,3
formal,1
format,1
former,7
forms,1
forth,1
fortified,1
fortune,2
fortworth,1
forum,1
forward,2
fosters,1
fought,7
foun,1
found,3
foundation,2
founded,2
founder,2
founding,3
four,7
fourth,1
foxandfriends,1
foxnation,1
foxnews,9
foxtv,3
fr,1
fragomen,1
france,1
francisco,5
frankpallone,1
fraud,22
frauds,4
fraudsters,3
fraudulent,4
fredocon,1
free,13
freedom,2
freelance,2
freeloading,1
freeman,1
frenzied,1
frequently,1
frescoleon,2
fresh,1
freshgraduate,1
frfsshrtow,1
friday,1
fridayfeeling,1
fridayphoto,1
friend,1
friendly,1
friends,10
fringe,1
frm,15
frugal,1
fruits,1
frydclt,25
ftcshgoiyq,1
fu,1
fuelling,1
fulfill,2
fulfilling,1
full,4
fully,1
fun,2
fund,1
fundamentally,1
funded,2
funding,2
funny,2
furor,1
future,5
futures,1
fwd_us,2
fx,1
fy,9
gain,3
gaining,1
gains,1
gals,1
game,4
gamed,1
games,1
gang,2
ganges,1
gangs,3
gap,5
garbage,1
garfield,1
gates,7
gave,4
gay,1
gbmfkymgfu,1
gc,29
gcbacklog,8
gcbacklogs,1
gcead,1
gcymurdxhi,1
gdpr,1
ge,4
gearing,1
geez,1
gen_vksingh,2
gender,3
general,2
generation,1
generations,1
genie,1
genius,2
genuine,1
geo,1
geoff_deweaver,2
germany,1
gets,5
getting,30
ghaziabadthanksakhilesh,1
giant,5
giants,1
gibney,2
gideon,1
gift,1
girl,5
girls,4
girlswhocode,2
give,9
giveback,1
given,9
gives,3
giving,14
global,2
globalindiandiaspora,1
globalism,3
globalist,2
globalitexpert,1
globalitexperts,2
globally,1
globalmobility,7
glorifying,1
gnhrssewfb,1
goal,1
goals,1
god,1
godblessamerica,1
goes,2
goidlatte,1
gone,5
good,18
goodfridayb,1
goodriddance,1
goods,1
google,17
googlememo,2
googlesalaries,1
gop,2
gopleader,5
got,15
gotten,1
gottschalk,1
gourmet,1
gov,1
governance,1
government,10
governmentcontracts,1
governments,1
governors,1
govmikehuckabee,2
govt,13
gr,1
grab,1
grad,12
grads,12
graduate,2
graduated,1
graduates,3
graduation,2
gran,1
grandchildren,1
granted,2
granting,3
grants,1
graphics,1
grassley,3
grateful,1
great,17
greece,1
greed,1
greedy,2
greedycorps,1
greek,1
green,17
greencard,34
greencardbacklog,12
greencards,7
greene,1
greysanatomy,1
grifters,1
grinding,2
groban,1
grooming,2
gross,2
ground,1
groundwork,1
group,9
groups,2
grow,2
growing,3
grown,1
grows,2
growth,3
gsiskind,2
gstarfreedom,1
gt,13
gt_law,1
guarantee,2
guaranteed,1
guard,3
guess,4
guest,1
guide,1
guilty,2
guise,4
gulen,1
gulenist,1
gulf,1
gumhufdvgv,1
gun,1
guns,1
gurdwara,1
guru,1
guy,3
guys,9
gym,1
h1b,1100
hackers,1
hadn,1
hailing,2
hails,1
halataei,1
haley,3
half,6
hall,2
halt,1
halted,1
hand,1
handedly,1
handing,1
hands,2
hanging,1
hangout,2
hannahkuchler,1
happen,1
happened,3
happening,5
happens,3
happy,6
happyfriday,1
harass,2
harassment,1
hard,5
harleyrouda,1
harm,5
harming,1
harvard,4
hasn,1
hastag,1
hastings,1
hate,7
hated,2
hatred,1
haven,2
hawaii,2
hayes,1
hays,1
hcbzivdzcu,1
hcl,1
head,5
headcount,1
headed,1
headquarters,1
heads,2
headscarf,1
health,3
healthcare,1
hear,3
heard,5
hearing,4
heart,2
hearted,1
heath,1
heaven,1
heavily,1
heck,1
heee,6
heinous,1
heinz,1
held,1
hell,1
hello,2
help,26
helped,3
helping,3
helps,2
herald,1
herbs,1
heritage,1
heroism,1
hey,1
hfdxzlwlfi,1
hi,1
hiccups,1
hid,1
hideki,1
hideous,2
hierarchies,1
hierarchy,1
high,44
higher,8
highest,10
highlighting,1
highly,11
hilaryclinton,1
hillary,5
hillaryclinton,3
hinder,1
hindu,4
hinduamerican,1
hinduawakening,1
hint,1
hire,25
hireamerican,31
hired,12
hires,2
hiring,22
hiringnow,1
hispanic,1
hispanics,1
histories,1
history,6
hit,1
hitech,1
hitler,1
hitting,1
hiv,1
hogg,3
hoje,1
hold,2
holder,9
holders,24
holding,1
holds,2
holes,1
holiday,2
home,18
homebuyers,1
homes,4
homicidal,1
homicides,1
homre,1
honest,1
honestly,2
honor,2
hoovervilles,1
hope,8
hopefully,2
hopes,1
horny,1
horse,1
hospitals,1
host,3
hostess,1
hostile,2
hot,2
hotels,2
hour,2
hours,1
house,4
housedemocrats,1
housegop,2
household,1
households,1
housejuddems,1
housing,5
houston,4
however,3
hpjkdqrmfq,1
hr,14
hrc,1
httweets,2
hub,4
hubby,2
hug,1
huge,13
hulu,1
human,7
humanresources,1
humans,3
hundred,1
hundreds,7
hungry,3
hunt,1
hunters,1
hunting,1
hurt,3
hurting,2
husband,5
husbands,3
hustled,1
hv,4
hyathtgigt,1
hyderabad,2
hypothesis,1
iamfollowinggod,1
iamjatail,1
iamshalabhkumar,1
iamwallst,1
ibm,7
icdlsqhqrs,1
ice,3
icegov,9
icyittgspl,1
icymi,1
idea,6
ideals,1
ideas,1
identifies,1
identities,1
idiot,1
ie,1
ignorance,2
ignore,1
ignored,1
ihrpksktqn,1
ii,1
iims,1
iit,1
iits,1
ikezcdtprq,1
ill,2
illegal,6
illegalaliens,1
illegals,5
illinois,2
illustrated,1
im,3
imagine,2
imbalances,2
immcouncil,5
immediate,1
immediately,2
immgrationlawyer,1
immigeant,1
immigrant,11
immigrants,25
immigrantsuccess,1
immigration,121
immigrationfaqs,2
immigrationforinnovation,2
immigrationgirl,4
immigrationhelp,2
immigrationlawyer,3
immigrationmatters,1
immigrationpost,1
immigrationreform,3
immigratonlaw,1
immivoice,4
immoral,1
impact,6
impacted,2
impacting,3
implement,1
import,3
importance,1
important,4
imported,1
importing,3
imports,2
impose,1
imposed,1
impossible,1
impound,1
imprisons,1
improvements,1
improving,1
impulses,1
impulsivity,1
inappropriately,2
inaugurate,1
inc,2
incentives,2
inch,1
incindia,1
inciting,1
include,1
includes,2
including,8
income,4
incompetence,1
incomprehensible,1
increase,13
increased,3
increases,1
increasing,2
increasingly,3
incredible,1
indentured,15
india,95
indian,70
indiandiaspora,2
indianembassyus,2
indians,35
indianwomen,1
indiapassportdc,1
indicated,1
indicates,1
indirect,1
indirectly,2
individual,1
individually,1
individuals,1
industries,1
industry,7
inequality,1
inexorably,1
infamous,1
infant,1
inferior,1
inferiority,1
infested,2
inflated,1
inflicted,1
influence,1
influencing,1
influx,1
info,3
information,6
infosys,3
infrastructure,2
ing,1
ingraham,1
ingrahamangle,5
inindia,2
initial,2
initiative,1
initiatives,1
inmigraci,1
inmigracion,1
inmigrantes,1
innocence,1
innocent,1
innovation,4
innovative,1
inquiry,1
insee,1
inside,1
insider,1
insight,2
insist,1
inspections,1
inspired,1
instance,2
instantly,1
instead,4
institute,1
institutions,2
insult,1
insurance,1
insurer,1
intc,4
integrity,1
intel,17
intelarizona,1
inteloregon,1
intels,1
intelsantaclara,1
intend,1
intended,3
intent,2
intention,1
intercourse,1
interest,2
interested,1
interesting,6
interests,1
interlopers,1
international,7
interned,1
internet,1
internetbillofrights,1
interpretation,4
interpreter,1
interview,4
interviewed,1
interviewing,1
interviews,1
intimidate,1
intl,1
introduced,1
introspecting,1
introspection,1
intrusive,1
invasion,10
invasions,1
invested,1
investigaci,1
investigate,2
investigated,12
investigating,1
investigation,2
investing,3
investors,2
invite,1
invited,1
involved,4
involving,2
ioo,1
iranians,1
iraq,2
iron,1
irrelevant,1
irri_online,13
irs,1
irving,2
islamic,1
islamophobic,1
islands,1
isn,6
isquared,8
isquaredact,5
issuance,1
issue,10
issued,4
issues,8
issuing,1
italian,1
italy,2
item,1
iti,1
itjobs,14
itproject,6
itserve,16
itservealliance,1
itserveorg,17
iufosgomer,1
ivankatrump,2
ive,2
j_gelatt,1
jack,1
jackass,1
jackjaypalmer,13
jailed,1
jajjabor,1
jakchen,1
jamaica,1
jammu,1
jan,1
janata,1
jang,1
japan,1
japanese,1
jaswant,1
java,6
jcokhztmuc,1
jee,1
jeered,1
jeffbezos,1
jeffflake,21
jeffroy,2
jeffsessions,18
jennisjose,2
jeopardy,2
jerkihvzwg,1
jesdybcutk,1
jest,1
jets,2
jew,1
jib,1
jig,1
jimmy,1
jleighsaucedo,1
jmdyysbpuq,1
jntu,4
jntua,1
jntuh,1
jntuk,1
job,50
jobeeswing,2
jobless,1
jobloss,1
jobs,121
jobsearch,1
jobseekers,3
john,1
johncornyn,3
join,2
joined,1
joint,1
joke,1
jose,2
joseph,1
journalism,1
journalists,1
jr,2
judge,1
judiciary,1
juleschancel,2
juliangillmusic,1
july,1
june,3
jungle,1
jungmin,1
junior,1
junkies,1
jurisdiction,2
justice,2
justintrudeau,2
juveniles,1
jyzrzdhzsg,1
jztdvckwzp,2
kag,1
kaku,1
kalra,1
kang,1
kansas,1
karen,1
karma,1
kashmir,2
katherine,1
katiecgoldsmith,13
kaus,1
kausmickey,1
kdltufieds,1
keep,29
keepamericagreat,1
keeping,1
keeps,3
keithellison,1
kelemencari,1
kellyannepolls,1
kent,1
kenyan,1
kept,1
key,5
keys,2
khabarovsk,1
khalra,1
kickback,1
kickbacks,1
kicks,1
kid,1
kidmfrxmoq,1
kidnapped,2
kidnapping,1
kids,17
kiled,1
kill,40
killed,5
killer,1
killing,4
kills,1
kind,7
kinda,1
kinder,2
kindergartens,1
kinds,7
king,2
kingdom,1
kiss,3
kissimmee,1
kjquilolcq,1
kma,1
knees,1
knew,4
knights,1
know,28
knowledge,2
known,6
knows,2
korea,2
krikorian,1
kvfyyhmite,1
kvpsqdzyky,1
kvypoynilt,1
label,1
labor,38
labour,1
lack,8
lacking,4
lady,1
laid,7
lakes,1
lakh,1
land,8
landed,1
landlords,1
lands,1
lane,1
large,2
largely,2
largest,6
las,2
last,15
late,3
later,1
latest,15
latin,2
latinos,1
latterly,1
lauer,1
launch,1
laundering,1
laura,2
lauradfrancis,9
law,14
lawful,1
lawmakers,1
laws,3
lawsuit,2
lawyer,3
lawyers,5
lax,1
lay,2
laying,1
layoff,1
layoffs,7
lazy,2
lbostonfk,2
lc,2
lca,9
lcas,1
lead,5
leader,1
leaders,4
leadership,1
leadright,1
leads,1
leaked,1
learn,1
learned,2
learning,2
least,9
leave,7
leaves,4
leaving,4
led,2
leeches,2
left,9
legal,14
legalimmigrants,1
legally,4
legislation,1
legit,1
len,2
lengthy,1
leos,1
less,17
lesson,1
let,17
lets,2
letter,1
letters,1
letting,1
level,5
levels,4
lewis,1
lexuses,1
lgbtq,1
lglolcxmai,1
lhbzxfdude,1
liars,1
liberal,3
liberals,1
liberty,1
libertytarian,1
librals,1
libtards,1
lick,1
lie,4
lies,6
life,12
lift,1
light,2
lights,1
like,59
likely,3
limbo,3
limit,1
limitation,3
limits,2
line,3
linear,1
link,2
linked,2
links,2
list,6
listed,1
listen,2
listening,1
literally,1
little,1
live,14
lived,2
livelihood,1
liver,1
lives,4
livestreaming,1
living,6
liz,1
ll,5
llc,1
llwukxnmev,1
lmt,1
lmtqxljpjt,1
load,1
loan,1
loans,5
lobbies,2
lobby,1
lobbying,2
local,4
located,1
locations,1
lockheed,2
lockouts,1
lodged,5
loggerheads,1
logic,1
logic_observer,1
logicalgong,1
lol,4
london,1
long,12
longer,1
look,14
looking,4
looks,4
loophole,2
loopholes,2
loopholws,1
loose,1
loosen,1
loosing,1
los,2
lose,1
loses,1
losing,5
loss,4
lost,5
lostall,1
lot,11
lots,1
lottery,19
louis,1
love,4
loves,1
low,12
lowe,1
lower,7
lowering,1
lowest,3
lowlife,1
lrb,1
luck,5
lucky,1
luis,1
lunches,1
lung,1
lured,1
luther,1
luxemburg,2
lying,1
lynch,1
lzeoczohqn,1
ma,14
maajidnawaz,1
mabna,1
mac,1
machines,1
macho,1
made,11
mafia,1
maga,70
magavoice,1
magic,1
mahal,1
maheshhegde,1
main,1
maintain,2
maintained,1
major,2
majority,8
mak,1
make,31
maker,2
makers,1
makes,7
maketheworldsafeagain,1
making,11
makrandparanspe,1
male,3
males,2
mall,2
man,5
manage,3
management,4
manager,2
managers,5
mandated,3
manekagandhibjp,1
mangoes,1
manipulate,1
manipulated,4
mannkibaat_pmo,1
manufacturing,1
manusmriti,1
mao,1
mapoli,4
mar,1
maralago,1
march,5
market,5
markskrikorian,1
marriage,1
marriages,1
married,1
marriott,2
marry,3
martin,3
mass,6
massachusetts,1
massacre,1
massago,5
massdems,2
masses,1
massgovernor,5
massive,6
master,5
mastercardstl,1
masters,5
masturbating,3
masturbation,2
match,2
matches,1
math,3
mathematicians,1
mathematics,1
matter,5
mattyglesias,1
mavchicago,14
mavni,2
max,1
maximum,1
may,18
maybe,10
maygod,1
mayors,1
mccaskilloffice,5
mcdonalds,1
mckinley,1
mcluhan,1
meals,2
meamadad,1
mean,5
meaning,1
means,6
meantime,1
meanwhile,1
meaquery,1
media,20
median,1
medical,2
meet,4
meeting,2
meetings,1
meetu_munjal,1
meezmlybqz,1
meghalaya,1
melania,2
melanoma,1
mellon,1
members,4
memo,3
memoirwriting,1
memorandum,3
memorandums,1
men,5
mental,1
mentally,2
mention,3
mentioned,2
merchant,3
mercnews,2
mercury,2
mercy,1
merit,2
mess,2
message,1
met,8
metastasize,1
methodist,1
meticulously,1
metoo,7
metro,6
metropolitan,1
metros,4
metrosexuals,1
mex,1
mexican,1
mexicans,1
mexico,6
mfte,1
mgmt,1
mh,1
mhjzozclbb,1
miami,1
michael,4
michellemalkin,22
michigan,1
michio,1
mickey,1
microsoft,5
mid,1
middle,8
middleclass,1
middleman,1
might,7
migrants,1
migration,2
migrationpolicy,4
mike_beacham,1
mikepencevp,1
mikeroweworks,2
mile,1
militants,1
military,9
militia,1
militias,1
mill,2
millennials,2
million,17
millions,8
milliporesigma,1
milwaukee,1
min,2
mind,2
mindrational,3
minds,2
mine,2
minglebox,1
minimized,1
minimum,2
minister,1
ministrywcd,3
minor,2
minority,2
miserable,1
misled,1
misrepresentation,1
miss,1
missing,1
mistake,1
misused,1
mit,2
mixed,1
mjakbar,2
mlk,1
mlnwophwdv,1
mnf,1
mo,1
mob,3
mobilized,1
mock,4
mocked,1
model,4
modelo,1
modern,2
moguls,1
molestation,1
molotavcocktail,1
mom,2
mon,1
monday,9
mondaymotivation,1
mondelez,1
money,22
mongers,1
monkeys,1
monopolies,1
monopolization,1
monopoly,1
month,5
months,4
moratorium,1
moreno,1
morgan,2
morning_joe,1
morningjoe,1
morningmika,1
morocco,1
moronic,1
mortal,1
mortality,1
moscow,1
mostly,7
mosul,2
mother,3
mothers,1
motorcycle,1
motors,1
mountains,1
mounts,1
mouth,2
mouthed,1
mouths,1
movassaghilaw,1
move,2
moved,2
movement,4
movements,1
movie,1
moving,2
mpi,2
mri,2
mscontrariansci,1
msjasmeet,2
mstthinskin,1
msu,1
mtgonefishing,2
much,15
muhtar,1
mukulsathe,4
multi,15
multiple,25
mumbai,4
murder,2
musi,1
muslim,2
muslimanity,1
mwouczpqcv,1
myth,1
nadella,1
naharnet,1
name,5
names,1
narendramodi,6
narrate,1
nasa,1
nasscom,2
nathalie,1
nation,8
national,3
nationalism,1
nationality,7
nations,2
native,4
natives,1
natl,2
naturalization,2
naturalizedu,1
nature,2
navas,1
navbharattimes,1
navedtx,6
nc,1
ncwindia,3
ndtv,6
ndvhnnjyww,1
nearby,1
nearly,3
neatoday,1
nebraska,1
necessary,1
neck,1
need,47
needed,5
needing,1
needs,13
negative,1
negativelaffected,1
negativity,2
nehru,1
neighbor,2
neighborhoods,1
neighbors,2
neighbouring,1
neiltyson,1
neoliberal,3
neoliberalisitic,1
nepotism,1
nest,1
nestle,1
net,5
netflix,1
network,2
neutrality,1
never,17
newamericanecon,1
newjersey,1
news,20
newsbharati,2
newsbytesapp,1
newsletter,1
newspaper,1
newspapers,2
newsweek,1
newtgingrich,2
newyork,2
next,8
nfapresearch,5
nflaktvhvl,1
ngrxeeqftj,1
nicanor,1
nice,4
nickthompcircus,3
nigerian,2
nih,1
nikas,1
nine,2
nixon,1
nj,1
nkgchfxjzs,1
nmgvkmixkf,1
nmhqhesuya,1
nncjxclqjj,1
nnqccgxmpd,1
nobody,4
nodaca,2
nogreencards,2
nojobsnovotes,3
non,11
none,2
nonimmigrant,3
noone,1
nope,1
norma_group,5
normal,2
normandy,1
norms,1
north,4
northkorea,1
note,1
noteworthypoint,11
nothing,8
notice,1
noticed,1
notion,1
notorious,1
nra,1
nri,8
nriabandonedwives,1
ntgnnwfzel,1
ntvtelugu,1
nuclear,2
nuhlottphi,1
number,23
numbers,7
numbersusa,14
numerous,1
nun,1
nunnagppxs,1
nursing,1
nutshell,1
nwysnmrrfu,1
nxt,2
ny,4
nyc,2
nyoooztv,1
nytimes,3
nz,2
oann,1
oayjmlscnh,1
obama,13
obamas,1
obligation,1
obnoxious,1
observation,1
obsession,1
obsn,1
obtain,2
obtained,2
oburvdyliw,1
obvious,1
obviously,1
occasions,1
occupation,1
occupations,3
occur,1
occurred,1
ochisor,1
ocloo,1
october,1
odd,1
odds,2
offenders,3
offense,1
offensive,1
offer,3
offered,1
offering,3
offers,1
offic,1
office,5
officer,3
officers,3
official,2
officially,3
officials,2
offshored,2
offshoring,4
oflc,1
oft,1
often,4
oh,4
oig,1
oil,1
ok,3
oklahoma,1
old,22
older,6
olds,1
ole,1
oligarchs,4
omg,1
onblick,3
one,58
ones,7
ongoing,1
onsite,4
onslaught,1
op,1
open,7
opened,6
opening,5
opens,4
operate,2
operated,1
operates,2
operating,1
operation,1
operations,2
operative,1
opinions,2
opportunities,2
opportunity,7
oppose,1
opposed,1
opposite,1
oprah,1
opt,89
optimism,1
option,1
optnation,5
opts,2
order,5
ordered,1
oregon,1
oreo,1
oreos,1
org,2
organ,2
organisation,1
organization,2
organizations,2
organize,1
organized,1
origin,1
original,1
orrimmigration,1
orrinhatch,2
os,1
oszzdyrvxc,1
others,5
otherwise,1
ourelitesneversaythat,1
outage,1
outages,1
outcome,3
outdated,1
outgoing,1
outlook,1
outrage,1
outrageous,2
outrageously,1
outside,2
outsourced,4
outsourcers,1
outsourcing,5
ovcfupifpr,1
overall,1
overcrowding,1
overdosed,1
overdoses,2
overeating,1
overrun,2
overseas,1
overseeing,1
oversees,1
overshadowed,1
oversupply,1
overwhelming,1
owner,3
owners,2
ownership,1
owr,2
ozkan,1
pac,1
package,2
packard,1
packing,1
paedophile,2
page,1
paid,9
painful,1
pair,2
pakistan,3
pakistanis,1
palace,1
palmolive,1
papa,1
papers,1
paperwork,1
para,3
parallel,1
parasites,4
paratroopers,1
parent,2
parents,7
park,3
parliament,1
part,27
particularly,1
parties,1
partner,2
partners,1
party,4
pass,1
passed,2
passenger,2
passengers,1
passes,1
passing,1
passports,2
passportsevamea,1
past,7
path,3
pathway,2
patrick,1
patrickhussion,1
patriotic,2
patriots,1
patrol,2
pattern,1
pay,41
paychecks,1
payers,1
paying,15
payments,1
payouts,1
payroll,6
pays,5
pdurao_durao,1
peace,1
peak,1
peanuts,1
pedophilia,1
peek,2
pelosi,1
pence,1
pending,4
penetrated,1
pension,1
pensions,1
pentagon,1
peopl,1
people,63
peoples,2
per,22
percent,5
percentage,1
perfect,2
perform,2
performance,2
performers,1
perhaps,1
period,9
permanent,2
permanently,7
permit,1
permits,7
permitted,1
perpetrated,1
perpetrator,1
perpetuating,1
perseverance,1
person,4
personal,4
personality,1
personas,1
perspective,1
pests,1
pet,1
peterroskam,3
peters,2
petition,4
petitioners,2
petitions,40
pewresearch,6
pfirorg,13
phallocentric,1
pharma,1
phds,1
phelps,1
philanthropic,1
philanthropists,1
philippines,1
philosopher,1
phone,2
phones,1
photo,1
physical,1
physicals,1
pichai,1
pick,2
picked,3
picture,1
piece,1
pierre,1
piggish,1
pile,1
pilots,1
pimps,2
pinkerton,1
pipeline,1
pirates,1
piss,1
pissed,1
piven,1
pixie,1
pkg,1
place,6
placed,1
places,4
plaid_tillerson,1
plain,2
plainly,1
plan,1
plane,1
planned,2
plans,7
plant,3
plate,2
platform,1
platforms,1
platoon,1
players,1
playing,1
plaza,1
pledge,1
pledged,1
plenty,3
pls,8
plus,8
plying,1
plz,1
pm,3
pmdzrwqubb,1
pmmodi,2
pmoindia,6
pmxeazasfb,1
poe,1
point,3
points,1
pol,1
poland,1
polanski,1
police,8
policies,14
policy,15
policymakers,1
polite,1
political,2
politicians,11
politics,2
poll,2
poor,7
poorly,2
popular,5
popularity,1
population,4
populationreplacement,1
populist,1
porn,2
porterhwells,1
portfolium,1
portions,1
position,9
positions,8
positive,1
possible,3
possibly,3
post,3
postal,2
posted,1
posting,1
postings,1
posts,1
pot,1
potential,2
potentially,1
potus,134
potustrump,1
poverty,5
powdered,1
power,12
powerful,2
ppl,4
ppr,1
pr,1
practices,1
practicing,1
pragmatic,1
praju,1
prakashjavdekar,1
prasad,1
preaching,1
predatory,1
prefer,1
prefered,1
preferential,1
preferred,1
premium,3
premiumprocessing,2
prepare,1
prepared,1
preparing,1
prescriptions,1
presence,2
presidency,1
president,13
presidents,1
presssec,2
prestar,1
preston_hue,1
presume,1
pretend,3
pretending,1
pretentious,1
pretext,1
pretty,3
prevailing,2
prevalent,4
prevention,1
previous,2
previously,1
preyed,1
prez,1
price,1
prices,5
pricks,1
primary,1
principle,1
prior,1
priority,2
prison,1
prisonplanet,1
private,3
privatize,1
priyankajagtap,10
pro,2
proamerican,1
prob,1
probably,2
probe,1
problem,10
problematic,1
problems,3
proceso,3
process,43
processing,4
procreative,1
produce,1
produced,2
production,2
products,2
prof,2
professional,1
professionalism,1
professionals,4
proficiency,1
profit,1
profits,2
program,31
programming,1
programs,2
progress,1
progressive,1
progressively,1
project,7
projects,4
prominent,1
promise,1
promised,3
promote,3
promoted,3
promotion,1
promotional,1
promotions,2
prompt,1
prone,1
propaganda,1
proper,2
properly,1
property,4
prophecy,1
proposal,4
proposed,3
proprietary,1
prosecutor,1
prospective,2
prosperity,2
prostitutes,2
prostitution,1
protect,11
protectamericans,9
protecting,4
protection,2
protections,1
protectusworkers,21
protest,1
protesting,1
proud,1
prove,1
proven,2
provide,5
provider,1
provides,3
providing,3
proving,1
provision,4
provoked,1
proyectos,1
prudent,1
psychiatric,1
pt,3
pu,1
public,12
publicidad,1
publicly,1
publish,1
puerto,1
pull,1
pulled,1
pulling,1
pumped,1
punished,1
punjab,2
puppet,1
purchased,1
purposes,2
pursue,1
purushasukta,1
push,5
pushing,2
puts,2
putting,5
python,2
qarlmtktyh,1
qlkhvtkcqd,1
qtiboykvmk,1
quadruple,1
qualified,8
qualify,1
qualities,1
quality,1
que,1
question,4
questionable,2
questioned,5
questions,6
queue,3
quibbles,1
quick,2
quickly,2
quieren,1
quiet,1
quihrsnnro,1
quit,3
quite,4
quota,5
quotas,2
qzindia,1
rabid,1
race,11
races,1
racial,1
racism,4
racist,2
raconomics,1
radar,1
radical,1
radio,1
raffle,1
raft,1
rahulgandhi,3
railroad,1
railroads,1
raise,5
raised,4
raisgtaxes,1
rajasthandiwas,1
rajavasireddy,1
rallies,1
rally,3
rallying,1
ram,1
rampant,2
rampantly,1
randian,1
randpaul,3
range,1
ranging,1
rank,4
ranked,1
ranks,2
rant,1
rants,1
rape,6
raped,1
raping,1
rapist,1
rare,1
rastogi,1
rate,5
rates,4
rather,2
rathigakv,2
ratings,1
rations,1
rcoonrlogy,1
re,12
reach,3
reached,16
reaches,7
reachsudheer,1
read,24
reading,1
ready,5
reagan,3
real,12
real_sj_olsen,1
realdonaldtrump,164
reality,1
realize,2
realized,1
realjameswoods,4
really,13
realmedridd,2
realsureshmatha,2
reap,1
reason,8
reasons,3
reassess,1
rebuild,1
rebuvecldq,1
recap,1
receive,1
received,9
receives,1
recent,14
recently,1
recep,1
recepients,1
recession,3
recipient,1
recipients,3
recognise,1
recognises,1
record,3
recorded,1
recruit,7
recruited,2
recruiter,1
recruiters,5
recruiting,4
recruitment,6
recurring,1
redesign,1
reduce,5
reduced,3
reduces,1
reducing,1
reduction,2
redundant,1
reed,1
reference,2
reform,5
reformer,1
reforming,1
reforms,1
refresher,1
refugee,1
refugees,1
refusal,2
refuse,6
regan,1
regarding,1
regardless,3
regimes,1
region,1
regions,2
registered,4
reglamentaria,1
regular,1
regulation,4
regurgitated,1
reign,1
reinterpretation,1
reinvest,1
reject,4
rejected,3
rejection,6
related,19
relationship,1
relatives,1
release,4
released,1
relegates,1
reliant,1
relief,3
religion,1
remains,2
remarkable,1
remarry,1
remembers,1
reminder,4
reminds,1
remittance,2
remitttance,1
remote,1
removal,2
remove,1
remvd,1
rename,4
renamed,1
renew,1
renewal,6
renewals,1
renewing,1
rent,1
reonthierside,1
reopen,1
reorganized,1
rep,2
repatriatedlayoffs,1
repatriating,1
repatriations,1
repdonbacon,4
repealed,7
repgoodlatte,3
repkevinyoder,5
replace,15
replaced,19
replacement,4
replacements,4
replaces,7
replacing,2
replug,2
reply,3
report,8
reported,11
reporter,2
reports,2
representation,2
repression,1
republican,2
republicans,2
repulicannguyen,1
repzoelofgren,1
request,12
requested,1
requests,2
require,10
required,3
requirements,5
requires,1
requiring,1
rescind,3
rescuing,1
research,6
researched,1
resentment,2
reservations,1
reshape,1
reshorenow,5
residency,1
residents,4
resides,1
resistance,1
resolve,1
resonance,1
resources,1
respect,4
respects,1
respond,2
response,2
responsibility,1
responsible,8
rest,7
restoreamerica,1
restrictions,4
restrictive,1
restructure,1
result,3
results,3
resume,5
resumes,7
retain,2
retaining,1
retirement,7
retrain,3
return,2
retweeted,1
reveal,1
revealed,1
reveals,1
reverse,1
review,1
revitalize,1
revoke,26
revoked,2
revoking,1
revolt,1
revolutionary,1
reward,1
rewarded,1
rewarding,1
rewritten,1
rextillersom,3
rf,1
rfacjjapxh,1
rfe,4
rfkxfyswfd,1
rhc,1
rhc_usa,3
rhetoric,2
rich,1
richer,1
rickgreenma,2
rico,1
rid,1
ride,1
rides,1
ridiculous,1
right,26
rights,8
ring,1
rinos,3
riots,1
riqsgrowqa,1
rise,1
rising,1
risk,3
risks,1
rito,1
river,2
road,3
roads,2
roam,1
roasted,3
rob,2
robber,3
robbery,1
robert,1
robots,2
rochdale,1
rolandopablos,1
role,1
roles,1
roman,1
ron_nirenberg,1
ronald,1
ronnyjacksonmd,1
roof,2
room,2
roosevelt,2
roots,1
rope,1
rot,1
rotation,1
roughly,2
round,2
route,1
routinely,1
rovers,1
row,1
roybeck_nusa,14
royblunt,5
rr,1
rrxdzdfmdn,1
ruin,2
ruined,1
ruining,1
rule,9
ruled,1
rules,3
ruling,1
running,2
rupees,1
rush,1
rushing,1
russia,4
russian,2
rust,1
rxkrfkapwc,1
sa,1
sabotage,1
sad,10
sadly,5
safa,2
safe,2
safeguard,1
safer,1
safety,2
sagaryogendra,5
sahispaniccc,1
sake,2
salaries,6
salary,7
sales,2
salinas,1
sam,1
samanthaschann,1
samaritan,1
sample,1
san,8
sanctuarystate,1
sanders,1
sanfransico,1
sanjayuvacha,1
sarahpierceesq,2
sardesairajdeep,1
saturated,1
satya,1
satyanadella,1
sauce,1
saudi,3
saul,1
savaged,1
save,10
saveamsoul,3
saved,1
savelegalhighskilledimmignt,1
savelegalimmigrants,3
saveourschools,1
saves,1
saveusworkers,1
saving,1
savings,2
saw,2
says,13
scabs,1
scam,9
scammer,1
scammers,1
scams,5
scapegoats,1
scarce,3
scare,1
scared,3
scheme,2
schemes,1
schifter,1
scholarships,1
school,12
schools,15
sci,2
science,10
scientific,1
scientists,2
scms,3
scorched,1
scotttrobinsonn,3
scouring,1
scrap,3
scrapped,1
scratching,1
screw,2
screwed,2
script,1
scrutiny,14
scstact,1
scumbags,3
sdmincwovm,1
se,1
sea,2
seamless,1
seanhannity,12
search,4
season,13
seattle,2
secelainechao,1
secnielsen,4
second,3
secondary,2
secondlady,2
secretaryacosta,1
secrets,3
section,2
sector,6
sectors,1
secure,1
security,10
see,19
seeing,4
seek,1
seeker,1
seekers,1
seeking,2
seeks,1
seem,2
seems,3
seen,10
seiu,1
selected,2
self,3
selfish,1
seling,1
selling,2
semi,5
sen,1
senate,2
senatedems,6
senategop,7
senatemajldr,4
senator,2
senators,4
send,7
sending,5
sends,3
senfeinstein,1
senior,1
seniors,1
senjeffflake,3
senkamalaharris,1
senorrinhatch,20
sensanders,14
senschumer,1
sense,2
sent,4
sentence,3
senthomtillis,1
sentiments,1
sentomcotton,13
separate,2
separation,1
sept,2
september,2
serbia,1
serfs,1
serial,2
series,2
serious,5
seriously,3
serpent,1
sertanista,1
serve,1
serves,1
service,4
services,6
servicios,2
serving,1
set,7
sets,2
settle,1
setup,1
seven,1
several,2
sevp,1
sewage,3
sex,9
sexual,5
sf,2
sfchronicle,1
sg,1
sh,1
shame,2
shameful,1
shankar,2
shape,1
shaping,1
share,5
shared,1
shareholders,1
sharepoint,1
shares,1
shariah,1
sharing,1
sharmarekha,3
shavit,1
shd,5
sheen,1
sheer,1
shelf,1
shelter,6
shenzhen,1
shield,1
shields,1
shill,1
shipment,1
shipping,1
shit,3
shithole,2
shitting,1
shivbhaktajoshi,2
shivendra,1
shldn,1
shocked,3
shocking,4
shop,3
shoppers,1
shopping,2
shops,2
shored,1
short,5
shortage,6
shortcut,1
shortly,1
shot,1
shouldn,1
shovel,1
show,9
showed,1
showing,1
shown,1
shows,5
shrinjoyr,1
shud,1
shut,4
sick,5
side,3
sides,2
siding,1
sight,1
signal,1
signed,1
significant,1
significantly,1
siia_us,10
sikh,3
silence,3
silent,2
silicon,12
siliconvalley,8
similar,3
simple,4
simplistic,1
simply,3
since,15
sincerity,1
singapore,2
singh,2
single,2
sister,2
sit,1
site,3
sitting,1
situation,2
six,1
sixth,2
skill,5
skilled,44
skilledimmigrants,1
skills,10
skillset,1
skillsgap,1
skip,1
skyrocketing,1
sl,1
slaughter,2
slave,4
slaves,18
slavetrader,2
slightly,1
slovakia,1
slowed,1
slowly,1
small,6
smallbusiness,1
smart,1
smarter,2
smb,1
smile,1
smith,1
smog,1
sn,1
snake,3
snakes,2
snapped,1
snared,1
snehi,1
social,16
socialism,1
socialist,5
socialists,1
socialmedia,1
society,3
sociopathic,3
sociopaths,1
sodomy,1
software,3
softwaredevelopment,6
solar,1
sold,11
soldiers,3
sole,1
solely,1
solicitud,3
solution,2
solutions,1
solutions_,2
solve,2
somebody,1
someone,2
something,4
sometimes,3
somewhere,4
soon,10
sordid,1
soros,2
sorry,2
sort,1
sought,2
souls,2
sounds,2
soup,1
sourced,2
sources,1
south,5
southern,1
southwestern,1
souza,1
sow,1
space,1
spain,3
span,1
spare,1
spark,1
sparking,1
speak,2
speaker,1
speakerryan,8
special,1
speciality,1
specialized,3
specially,1
specialty,1
specific,1
specificity,1
speech,5
speed,1
spend,2
spent,2
spiked,1
spin,1
spirit,1
spit,1
split,1
spnd,1
spoiled,1
spoke,2
sponsor,7
sponsored,3
sponsorship,1
spoof,2
spot,1
spots,1
spousal,1
spouse,3
spouses,25
spread,3
spreading,2
spring,1
spurred,1
spurts,1
spy,1
spying,4
sr,1
sri,1
ssa,1
stabbing,1
stable,1
staff,2
staffing,5
stage,2
stagnant,1
stalin,1
stand,3
standard,1
stands,1
stanley,1
stars,1
start,15
started,4
starting,3
starts,6
startup,6
startups,1
starvation,1
starving,1
stashing,1
state,11
stated,1
statement,4
statements,1
states,13
stating,1
station,3
statue,3
statues,1
status,6
stay,3
steal,5
stealers,1
stealing,5
steals,1
stefwkight,2
stem,25
step,1
stephenmilleral,3
stepping,1
steps,1
stern,1
steve,1
sticker,2
stigma,3
still,17
stipend,1
stlmosaic,1
stockholm,1
stolen,1
stonecreek,1
stop,50
stoplootofusa,2
stopped,2
stopping,1
stopthecaravan,1
stories,1
storms,1
story,9
straight,3
strategic,1
strategies,1
strategist,1
strategy,3
street,2
streets,2
strength,2
strengthen,1
strengthened,1
stretch,1
stretched,1
strict,2
stricter,1
strike,5
strikers,1
strikes,6
striking,4
strikingand,1
stringent,1
stripped,1
strong,4
stronger,1
strongly,2
struggling,2
sts,1
student,11
students,14
study,3
studying,1
stuffing,1
stupid,3
suave,1
subject,13
submit,15
submitted,1
subsidies,10
subsidize,1
subsidized,1
subsidy,1
substantially,1
suburban,1
subversive,1
subvert,1
success,2
successes,1
successful,1
sucked,1
suddenly,3
sudipmisra,2
sue,3
suffer,1
suffered,3
suffering,2
suffers,1
suggestions,1
suicide,7
suit,1
suited,1
sum,1
summer,2
summers,1
sundar,1
sundarpichai,2
sunday,2
sundays,1
sunil,1
super,1
supervised,1
supervisors,1
supplied,1
supply,3
support,16
supported,3
supporters,3
supporting,5
supports,5
supposed,2
supposedly,1
suppress,2
supreme,3
supremecourt,1
sure,5
suresh,1
surface,2
surge,1
surprise,2
surprised,2
survival,1
survive,2
survived,1
surviving,1
sushmaswaraj,6
suspend,1
suspended,2
suspension,1
suspicion,1
swamp,1
swarms,1
swatijaihind,1
sweden,1
sxdoc,1
symbolic,1
symptoms,1
syndrome,1
system,16
systematic,2
systemic,1
systems,2
table,1
tactic,1
tactics,2
tadbwtnqgj,1
tagged,1
tags,1
taj,1
take,35
taken,7
takers,1
takes,3
taking,8
talent,18
talented,2
talk,10
talked,2
talking,4
talkingmoose_,2
tamed,1
tamil,1
tamilnews,1
tandan,1
tanked,1
tapping,1
taps,1
target,3
targeted,2
targeting,2
tariffs,2
tarp,1
tasks,1
tata,1
tax,19
taxes,21
taxi,1
taxis,1
taxpayer,1
taxpayers,1
taxpaying,1
tb,1
tback,1
tdmktrkitq,1
teach,3
teacher,1
teachers,18
teacherstrike,1
teaching,1
team,4
teams,1
teamsa,1
teamsters,1
tech,70
techies,9
techindustry,3
techjobs,2
technical,5
technological,1
technologies,1
technology,13
techs,3
techwonk,1
tedcruz,2
teddy,1
tedmalloch_,1
teen,1
teenage,1
telcos,1
telephone,1
telling,2
tells,1
temp,2
temporarily,2
temporary,16
ten,2
term,5
terrible,1
territory,1
terrorism,1
terrorist,1
test,1
tested,2
testimonial,1
tests,1
tewfbiwlij,1
texanlolly,13
texas,10
tfoysqceik,1
thank,10
thanks,7
thats,2
the_trump_train,2
theearthgod,1
thefive,2
theft,5
thejusticedept,13
themetz,1
theoretical,1
theory,2
theprintindia,1
thin,1
thing,4
things,8
think,21
thinks,1
thinly,1
third,3
thirdworlders,1
thm,1
thn,1
though,4
thought,6
thoughts,2
thousand,1
thousands,14
thr,3
thrashed,1
thread,1
threat,3
threatened,1
threatens,1
three,9
throttle,2
throw,1
throwing,1
thru,4
thursday,1
thursdaythoughts,1
thy,6
tiffanyatrump,1
tightens,1
til,1
tim,1
tim_canova,14
timberners_lee,1
time,25
timeofindia,1
times,8
timesofindia,1
timing,1
tip,1
tipirneni,1
tips,4
tired,1
tirelessly,1
tis,1
tjgabirbyi,1
tkaura,1
tn,17
tnc,1
tobiemcg,1
today,38
together,4
toi,2
toilet,2
tojo,1
told,5
tolerance,3
tolls,1
tom_mcclaren,1
tomilahren,2
tomofsnj,1
tomorrow,4
tons,1
tony_prophet,1
took,4
top,20
topia_official,2
topic,2
toppling,1
torn,1
tossing,1
total,5
totalpicture,1
touch,1
touched,1
touching,1
touchscreen,1
tough,5
toughest,4
toulouse,1
tourists,1
tournament,2
towards,1
town,2
toxic,1
toys,1
trabajo,3
track,1
tracking,1
traction,1
trade,7
traded,1
tradeorfade,1
trader,1
trades,1
tradewar,2
traditional,3
traffic,1
trafficking,2
trail,1
train,5
trained,2
trainers,1
training,2
traitor,3
traitors,3
tramites,1
transfer,1
transfers,2
transform,2
transgender,1
transit,1
transition,1
translate,1
transparent,1
trash,3
traumatized,1
travel,2
treasonous,1
treat,4
treated,2
treating,1
treatment,3
trend,2
trends,3
trial,2
trick,1
tried,5
tries,2
trigger,1
triggers,1
trip,1
tripadvisor,1
triple,1
troll,1
trolls,1
troops,1
trouble,1
troubled,1
truck,1
TRUE,6
truly,4
trump,45
trump_regrets,1
trumpeffect,1
trumpforindia,1
trumpjr,1
trumps,1
trumpswamp,1
trumptrain,3
trust,1
truth,1
trying,10
trys,1
ts,1
tsoavcrqen,1
ttnkkewjqv,1
ttps,1
tuckercarlson,42
tuesday,2
tuesdaythoughts,1
tuition,2
tulsigabbard,13
tulsipress,3
tune,3
turd,1
turkey,2
turkish,2
turn,5
turned,1
turning,3
turns,1
tusharcosmoo_g,1
tweet,2
tweeting,3
tweets,3
twice,1
twitter,20
two,5
twxanzgmwb,1
tx,5
ty,2
tyne,1
type,2
types,2
typical,3
tyrannical,1
uae,1
uber,1
uc,1
ucofajpslw,1
uecegmgcwc,1
ufb,1
ugly,3
uhduofjsco,1
uk,1
ultimate,1
ultra,1
umsl,1
un,2
unable,4
unacceptable,2
unaffordable,1
unamerican,11
uncertain,1
uncle,1
uncommon,1
unconstitutional,4
undercut,3
undercuts,1
underemployed,1
underestimate,1
undergrad,1
undergrads,1
undermine,4
understand,3
understanding,2
understood,1
unduly,1
uneducated,1
unemployable,1
unemployed,3
unemployment,1
unexpected,1
unfair,2
unfettered,1
unfit,1
unfortunate,2
unfortunately,3
unimaginable,1
unintended,1
union,4
unionization,1
unions,9
uniparty,2
unit,1
united,12
unitedstates,3
units,1
univ,3
universal,1
universities,5
university,3
unjustifiably,1
unknown,1
unlawful,4
unless,1
unlike,1
unlimited,3
unmet,1
unnecessary,1
unpopular,1
unprecedented,11
unqualified,4
unquantifiable,1
unreachable,1
unreported,1
unselected,1
untouchables,3
untrained,1
untreated,2
unused,1
unusually,1
unwanted,1
upbringing,4
updated,1
updates,4
upheaval,1
upon,3
upper,1
ur,20
urban,1
us,167
usa,39
usajobs,6
usamfg,5
usandindia,3
usas,1
usavisaguru,3
usci,1
uscis,228
uscitizen,1
uscitizens,7
uscongress,5
usd,1
usdhs,1
usdol,5
use,15
used,15
useful,1
uses,1
usimmigration,2
using,10
usjobs,6
usps,1
ustechworker,1
ustechworkers,14
ustraderep,1
usual,4
usually,1
usvisa,11
utilities,1
utility,1
utmost,1
utopian,1
utwsethbtd,1
uuejqcrwfg,1
uzpajdxzyh,1
va,1
vacancies,1
vadakkus,1
valid,1
valley,11
valleypatriot,5
value,3
values,2
valve,1
vamsigummalla,1
vanderbilt,1
vanity,1
various,2
vast,2
vdjutavfiw,1
ve,15
vegas,1
vehicle,1
vehicles,3
veiled,1
venezuela,1
venezuelan,1
verified,1
verify,2
verizon,3
veteran,7
veterans,1
vets,2
vetted,1
vetting,1
via,14
viable,2
vias,1
vice,1
vicenews,1
victim,5
victims,2
victor,1
video,5
videos,1
vietnam,2
viii,2
viktor,1
village,1
vimeo,1
violation,1
violations,1
violators,1
violence,4
violences,1
virgin,1
virginia,1
visa,237
visaabuse,2
visalottery,2
visas,86
visascam,1
visit,10
visitors,1
visits,2
vivekagnihotri,1
vmshkjhpzw,1
vociferously,1
voice,2
voices,3
volume,1
volumes,1
voluntary,1
volunteer,1
vote,5
voting,3
vp,10
vrap,1
vs,3
vt,1
vulnerable,2
vvrcxytsdm,1
waat,1
wage,8
waged,1
wagegrowth,1
wages,10
wait,2
waiting,2
wakeup,1
walking,1
wall,2
walsh,1
waltdisneyworld,1
wands,1
want,46
wanted,6
wants,10
wapo,1
war,2
warming,1
warned,2
warner,1
warning,1
warns,3
warrant,1
warren,1
wars,1
wartime,1
washington,3
wasn,1
waste,6
watch,3
watching,1
water,5
watinsky,15
watts,1
waukesha,1
wave,1
way,19
wayfair,1
ways,2
wb,1
wbz,1
wcvb,1
weak,1
wealth,1
wealthredistribution,1
wealthy,2
weapons,2
wear,1
wearing,1
web,1
website,2
websites,2
wednesday,6
weed,2
week,11
weekly,1
weeks,1
weger,1
weinstein,1
weird,1
welcome,1
welfare,3
well,14
wellsfargo,1
wennmoonllc,1
went,8
weren,1
wesley,1
west,1
western,1
wethepeople,1
wfozkkpgah,1
wfwagvgmfk,1
wh,1
wharehouse,1
whatcanyousay,1
whatever,4
whats,1
whatsoever,4
whereas,2
wherever,1
whether,4
whining,3
white,7
whitehouse,12
whn,1
whoeve,1
whoever,1
whole,4
whose,1
wht,2
wi,1
widely,1
widespread,1
wife,11
wigs,1
wildfire,1
williams,3
willing,4
willingness,1
willtweat,2
wilsonville,1
win,4
window,3
winning,1
wiped,1
wipro,1
wire,1
wisconsin,1
wise,1
wish,3
withdraw,2
withhold,1
withholding,1
withimmigrants,6
within,10
without,19
witness,1
witnessed,1
wives,2
wk,7
wnt,1
wnts,1
wny,1
wokzbdbipx,1
woman,10
women,13
womenshistorymonth,1
won,8
wonder,3
wonderful,1
wor,1
word,1
words,2
work,57
worked,10
worker,20
workers,143
workforce,6
working,25
workpermits,1
workplace,2
workrs,1
works,6
worksites,1
workvisa,1
world,17
worldidliday,1
worries,1
worry,6
worse,2
worst,5
worth,3
worthless,1
wouldn,1
wow,2
wpa,2
wr,1
wracked,1
wrapped,1
write,3
writes,1
writings,1
wrk,2
wrking,1
wrkr,1
wrkrs,13
wrong,5
wrote,1
www,7
wwwcisorg,3
wwzjhgespb,1
wygvurhpow,1
xbcjbquphz,1
xenophobic,3
xima,1
xkqzbvvcml,1
xnzeqhqwbz,1
xrxhankvmv,1
xxppafshwx,1
xzbrekywug,1
xzpiygaewb,1
ybvvlgkyvi,1
ybxgbvomaa,1
ycmlczuebf,1
year,56
yearly,1
years,36
yellow,2
yes,8
yesterday,1
yet,6
yhopovhiaf,1
yield,1
yjvgcyvtwa,4
ymhuysknnn,1
yo,1
yoder,1
yogiadityanath,1
york,2
young,6
younger,1
youtube,6
youwei,1
ypjgrjvtit,1
yr,14
yrs,8
ytd,1
yuge,1
yuonntwujj,1
zealand,2
zedong,1
zero,5
zkwuefmwcs,1
zombie,1
zqvsmugrul,1
zsyfzyasjn,1
zuckerberg,1
zvqlhbpofh,1
zzvcaoksbb,1